ID,0,1,2,3,4,5,6,7,8,9,10,11,12,13,14,15,16,17,18,19,20,21,22,23,Cluster
0018b5c9366f1cc12746b42cc3ac4286272fd5fe540ac3730859d08ca06ad4ea,3.3512544802867383,0.6590038314176245,0.05755395683453238,0.003401360544217687,0.006779661016949152,0.0,0.5644599303135889,7.180147058823529,16.086805555555557,14.567213114754098,9.373376623376624,6.701298701298701,6.256849315068493,7.430604982206406,6.241610738255034,3.9348534201954397,3.4967532467532467,5.714285714285714,7.094915254237288,7.38768115942029,8.864468864468865,8.862068965517242,5.802047781569966,5.511945392491468,1
015a45af8b90ed00f35abb941d0c28030eb97d9461f094ca87994daf1c5b04ba,4.350453172205438,1.718562874251497,0.5105105105105106,0.4036144578313253,0.3212121212121212,0.42168674698795183,0.23867069486404835,1.9044776119402984,6.044776119402985,14.259701492537314,12.507552870090635,13.054054054054054,14.110119047619047,10.020648967551622,7.663716814159292,4.816023738872404,5.903323262839879,5.416413373860182,7.803625377643504,4.804804804804805,4.354354354354355,4.490963855421687,4.987878787878788,5.142424242424243,1
01c5f65de4ab05442c3e53f16b4f21cb7417492c7e05e34ad4ee6e856ca14791,11.309090909090909,7.045045045045045,2.757575757575758,0.8397626112759644,0.621301775147929,1.1627218934911243,1.316568047337278,2.43952802359882,17.824404761904763,37.29705882352941,85.3,61.37352941176471,53.79117647058823,36.3,36.13690476190476,35.07396449704142,18.56047197640118,17.01769911504425,17.19047619047619,17.661676646706585,22.641337386018236,38.4066265060241,29.283132530120483,18.24397590361446,2
034082230a50a164fd927f1ad0b2c9a4571393b61451859ae3b7725445c30413,0.0060790273556231,0.00911854103343465,0.009146341463414634,0.009259259259259259,0.009174311926605505,0.009174311926605505,0.006024096385542169,0.009036144578313253,0.012048192771084338,0.03614457831325301,0.19881305637982197,0.5769230769230769,0.5,0.5294117647058824,0.9323529411764706,1.5572289156626506,1.6951219512195121,1.665644171779141,0.547112462006079,0.3130699088145897,0.22796352583586627,0.15692307692307692,0.012232415902140673,0.0061162079510703364,1
03e0bf1a341c410038f445d53c0f4d89ab13d78bc08793e1f87237bc0e98d318,9.915407854984894,6.516516516516517,3.7439759036144578,2.391566265060241,1.4487951807228916,1.964071856287425,6.924471299093655,5.7164179104477615,13.08358208955224,16.17910447761194,22.256716417910447,19.72590361445783,17.383928571428573,16.78466076696165,13.551622418879056,12.357988165680473,17.075075075075077,14.411411411411411,14.087349397590362,12.470059880239521,17.01497005988024,18.00900900900901,20.09726443768997,15.042042042042041,0
06b373b4749669407f7618344fc8555178030ac39ad890b45b816462b503736d,2.376854599406528,1.801186943620178,0.7976190476190477,0.3502994011976048,0.3869047619047619,0.4251497005988024,0.4599406528189911,3.486646884272997,2.370919881305638,4.415430267062314,5.781065088757397,6.469026548672566,4.906432748538012,4.722222222222222,5.549707602339181,5.482352941176471,8.222222222222221,7.093373493975903,3.5892857142857144,2.494047619047619,2.4910714285714284,3.4597014925373135,5.63063063063063,4.655688622754491,1
0764fcf23f6503f73a635f633ce6a865d4591d117a3fda7c171a534b8a8eaa3c,4.981981981981982,1.4427710843373494,0.7994011976047904,0.6856287425149701,0.7671641791044777,1.1880597014925374,2.0029761904761907,8.386904761904763,8.211764705882352,7.1911764705882355,7.026470588235294,8.502958579881657,8.634218289085545,6.4375,7.769230769230769,7.585798816568047,6.289940828402367,7.292168674698795,6.528700906344411,13.50909090909091,28.28828828828829,20.18018018018018,13.273273273273274,4.667673716012085,1
0a9596bd25e2fd6a0af37b0a32894c78d4bdecf0de42acb43ddd7ed74d664d83,11.80421686746988,5.809667673716012,1.9820359281437125,1.081570996978852,1.2248520710059172,1.4053254437869822,15.591715976331361,39.142011834319526,48.78466076696165,48.359050445103854,45.29325513196481,40.665689149560116,33.302052785923756,28.370588235294118,30.102639296187682,32.74777448071217,37.281065088757394,38.75443786982248,33.83136094674556,25.023952095808383,34.13813813813814,34.265243902439025,49.987987987987985,32.53453453453454,2
0aae657f746e123e579783bf0723c2e63feb4ce19a51a71fdf0f79874ce92146,7.71608832807571,2.151898734177215,0.2169811320754717,0.047619047619047616,0.003125,0.15,0.109375,8.14375,11.348909657320872,32.22257053291536,17.51702786377709,18.17391304347826,17.84472049689441,8.588235294117647,9.256965944272446,8.342767295597485,7.565625,8.99375,12.603125,13.281645569620252,18.174050632911392,34.78343949044586,23.72327044025157,13.245283018867925,0
0d5a46b93c65bc780b25a66fa1a5448ef2ad9232a0c5da92911b32ba12c54a90,5.477341389728097,3.1766467065868262,1.3903903903903905,0.8072289156626506,0.7492447129909365,1.1197604790419162,4.374622356495468,11.504477611940299,17.464071856287426,17.260479041916167,12.1437125748503,11.020833333333334,11.557863501483679,9.277286135693215,9.536873156342184,12.342182890855458,12.635542168674698,14.213855421686747,11.216867469879517,11.718562874251496,11.634730538922156,13.825825825825826,15.463636363636363,10.335365853658537,0
0dd5edaaa9639e3b712dcd07d26b6d3eb5046ee5bb7d01de822e2570a3e01204,4.886363636363637,2.281045751633987,1.7971428571428572,1.579268292682927,1.3793103448275863,1.5033112582781456,1.8770949720670391,4.171779141104294,7.520599250936329,13.256578947368421,11.580555555555556,11.901197604790418,11.403703703703703,8.404605263157896,9.075,6.95820895522388,8.551369863013699,8.922118380062305,6.813370473537605,7.709580838323354,10.557553956834532,15.091803278688525,12.622857142857143,7.12540192926045,1
0fbc42621091645ad7e9701e0057ce12cffe7737b1d2746b2b0f516d654aac0c,18.55891238670695,7.9880239520958085,3.2372372372372373,2.5301204819277108,1.9667673716012084,1.635820895522388,3.486404833836858,8.277611940298508,11.794029850746268,8.952238805970149,13.907462686567165,13.843843843843844,14.913690476190476,12.011799410029498,12.787610619469026,21.784023668639055,23.73873873873874,22.565349544072948,20.427272727272726,29.50750750750751,42.792792792792795,39.006024096385545,41.45896656534954,35.34743202416919,2
121a5aaacfb440c81b3999b1228cd4b6f77df12d863ec3ae939e0329c86627d5,6.660777385159011,2.2246376811594204,2.032608695652174,1.1644736842105263,0.6327868852459017,0.3377049180327869,6.976430976430977,12.908771929824562,8.33108108108108,10.129449838187702,8.476038338658148,7.984025559105431,11.176666666666666,12.409090909090908,7.357142857142857,3.8370607028753994,6.10126582278481,13.64873417721519,13.49,21.85036496350365,22.317343173431734,19.657439446366784,15.689419795221843,9.829351535836178,0
13089bed4c352136c28c8fffecbf58ffd6a0886bb1f3d38af7430d5cc311a8da,8.307462686567165,9.844311377245509,3.7291666666666665,2.1899109792284865,1.28698224852071,0.47928994082840237,1.0621301775147929,7.910714285714286,7.291176470588235,8.773529411764706,7.882352941176471,5.944117647058824,8.985250737463128,8.57566765578635,8.014749262536872,10.221238938053098,14.91150442477876,13.7125748502994,14.598187311178247,10.501510574018127,9.57957957957958,8.162162162162161,9.927927927927929,12.713855421686747,1
13427295739f263ab293bd752328892be3a56b95edce8eb9620c49f6128fadca,0.6419213973799127,0.0959409594095941,0.15139442231075698,0.004975124378109453,0.022321428571428572,0.014492753623188406,0.015209125475285171,0.21608040201005024,0.7264150943396226,0.36363636363636365,1.5019762845849802,1.723809523809524,1.047008547008547,1.3489208633093526,1.306201550387597,3.3197969543147208,1.5324074074074074,1.4784172661870503,0.7209302325581395,0.576530612244898,0.5406698564593302,0.8283582089552238,0.38492063492063494,0.9715639810426541,1
18c7d00ac5fc4f897e66b69c90c65a56659345f42cba349b3a6fb154ea2f58ae,7.959119496855346,3.215873015873016,1.6876971608832807,1.4371069182389937,1.3260188087774294,4.266457680250784,8.878125,9.924528301886792,17.58695652173913,27.366459627329192,30.366459627329192,25.66355140186916,17.68633540372671,15.25,15.652173913043478,18.46894409937888,14.0527950310559,11.04416403785489,14.882911392405063,25.444444444444443,25.798107255520506,20.86750788643533,12.618296529968454,10.531645569620252,0
1a68f47a4a13ddb0336485d4220a8f64c6b501456fa7fbe490d5f1d6087c07d1,13.008955223880598,4.1591591591591595,1.608955223880597,1.4970238095238095,1.6913946587537092,1.28486646884273,2.602373887240356,31.285714285714285,56.81470588235294,38.53529411764706,22.44705882352941,23.976470588235294,28.852941176470587,21.911242603550296,22.19705882352941,21.958823529411763,31.152941176470588,23.143283582089552,21.40840840840841,25.936746987951807,37.17065868263473,61.51497005988024,44.224550898203596,36.91891891891892,2
1cb3f3252132b8f5a254688997dec72b6f89224ede11f02a76b2003413d787eb,0.1111111111111111,0.11144578313253012,0.1373134328358209,1.4789156626506024,0.9644970414201184,1.6124260355029585,0.4970414201183432,6.57396449704142,1.8495575221238938,3.14540059347181,5.69208211143695,6.9147058823529415,4.891176470588236,4.447058823529412,5.805882352941176,15.201183431952662,15.861764705882353,7.223529411764706,7.129411764705883,7.690476190476191,12.026865671641792,11.563253012048193,6.610778443113772,1.2035928143712575,1
1e0922dead85d51a51d05a8f9798de68fea13ceef6b37d9eab5c03482b37ed1b,2.8072289156626504,1.782089552238806,1.3363363363363363,1.367952522255193,4.097633136094674,11.665680473372781,6.585798816568047,4.241887905604719,8.741839762611276,12.04692082111437,11.005865102639296,8.50733137829912,5.407624633431085,3.196480938416422,5.297935103244837,6.047058823529412,8.023529411764706,10.905882352941177,13.234421364985163,12.814925373134328,16.039156626506024,11.562874251497005,5.724550898203593,5.140718562874252,1
20a2e22986e132d686dd7941dcaa72ca83fc7e0354cfd8cb0ae81630d35493cf,14.29746835443038,9.451104100946372,5.332278481012659,2.092063492063492,1.6803797468354431,1.4968354430379747,16.215625,7.990625,16.340625,38.103125,20.609375,21.0,23.81366459627329,18.503105590062113,15.192546583850932,10.588785046728972,11.615141955835963,11.331230283911673,14.321875,15.296875,14.1,25.58307210031348,27.025236593059937,18.837579617834393,0
20ee96625b4762caa618c85b6f9d019cedf6d5b528639ffbc5ca1e3704239dab,7.963963963963964,3.0090361445783134,1.0417910447761194,0.21987951807228914,0.5976331360946746,1.1568047337278107,3.6094674556213016,105.486646884273,42.06194690265487,28.78635014836795,33.219941348973606,26.81524926686217,21.944281524926687,18.275659824046922,25.096774193548388,23.9792899408284,24.607669616519175,11.863905325443787,9.64792899408284,13.053731343283582,13.386227544910179,32.610271903323266,19.74251497005988,18.949101796407184,2
2103b9fe82714b6ccb1844ff6fe65fac2af382f3a7ed261a41fee911f3dcdaf0,6.374251497005988,1.248502994011976,0.5435435435435435,0.3132530120481928,0.08333333333333333,0.059880239520958084,0.0,7.28486646884273,18.84272997032641,10.770149253731343,11.193452380952381,11.345238095238095,8.457227138643068,8.533923303834808,9.365781710914455,15.173652694610778,10.048048048048049,10.342424242424242,6.825301204819277,9.027027027027026,8.69069069069069,10.619335347432024,11.3202416918429,6.765060240963855,1
2179d3cd54d4f9c637fbe02dc3440ce5f603d039c7efbbecc26c97bfa6b66ac9,2.7070063694267517,0.8769716088328076,0.22468354430379747,1.3777777777777778,4.789137380191693,4.815873015873016,4.163461538461538,11.35646687697161,22.28391167192429,25.167192429022084,30.66984126984127,37.27652733118971,34.64873417721519,29.968652037617556,20.890282131661444,10.510971786833856,7.326984126984127,7.165605095541402,9.301587301587302,16.290220820189276,32.05362776025237,28.26031746031746,21.330128205128204,9.404458598726114,0
21df5eed6d39e942c4b69deea1156d4a7cb51baf270bd1c59f0e474968982ac1,1.9164179104477612,1.9253731343283582,1.4880239520958083,0.9519519519519519,0.8263473053892215,0.4311377245508982,2.2189349112426036,4.384615384615385,7.872781065088757,8.633136094674557,8.819526627218934,9.138643067846608,6.342105263157895,5.926900584795321,4.906432748538012,5.106194690265487,4.907738095238095,6.129129129129129,6.151785714285714,10.904761904761905,13.19047619047619,9.665671641791045,3.298507462686567,2.7267267267267266,1
223b4784367887fd90e484d3a523f7c13f8e52823e3c595252856a794648b9a4,4.7165605095541405,2.719242902208202,1.518987341772152,0.9490445859872612,0.9426751592356688,0.7802547770700637,1.4057507987220448,9.369085173501578,25.214511041009462,22.40378548895899,11.587859424920127,10.150159744408946,9.943396226415095,9.984423676012462,10.009345794392523,11.503125,9.821656050955413,8.93290734824281,7.152380952380953,9.309148264984227,15.56782334384858,20.025316455696203,10.663461538461538,8.387820512820513,1
224bb9db922598ee8e95df9efc611941322435f00f818cebf886db986c07e5e7,3.8029850746268656,1.6646706586826348,0.2261904761904762,0.04504504504504504,0.020710059171597635,0.047337278106508875,0.09171597633136094,0.4940828402366864,6.911504424778761,4.014836795252226,5.146627565982405,9.035190615835777,7.750733137829912,7.0323529411764705,10.510263929618768,12.70414201183432,14.200589970501476,8.669616519174042,7.3628318584070795,10.116071428571429,10.307462686567165,15.28012048192771,18.44345238095238,8.407738095238095,1
2294439b29df206f9b817f210c4b0a626c13d0e8c20f08c9b76677f8e38cdda9,12.696696696696696,10.262048192771084,3.8119402985074626,1.2439759036144578,0.8431952662721893,0.863905325443787,0.6420118343195266,1.819526627218935,25.57227138643068,23.06528189910979,15.791788856304985,9.665689149560118,6.228739002932551,5.276470588235294,4.709677419354839,4.866863905325443,6.607669616519174,10.123893805309734,10.212389380530974,19.95820895522388,28.760479041916167,66.86706948640483,37.97005988023952,26.431137724550897,0
2369db1b1749abd88e430b01a0045e1fba559ba012810cf97479ee9d6cd1f974,6.7993920972644375,3.25531914893617,1.0396341463414633,1.0396341463414633,0.822289156626506,0.9461077844311377,0.6804733727810651,3.0562130177514795,4.606508875739645,14.369047619047619,26.098214285714285,24.260479041916167,26.928783382789316,27.56973293768546,18.246290801186944,7.66066066066066,6.7250755287009065,10.343465045592705,8.987987987987989,10.447447447447447,8.897897897897899,7.805471124620061,12.414110429447852,14.666666666666666,0
26dbe0301df61fce3cb5f65db218ff650b5f1ca3fa0eb306d2bf2b4c1be103ee,9.317460317460318,2.796875,2.054054054054054,2.135135135135135,0.918918918918919,0.5675675675675675,1.4324324324324325,12.931506849315069,20.106666666666666,7.346666666666667,19.626666666666665,20.04,16.413333333333334,20.51388888888889,14.63013698630137,20.835616438356166,38.71232876712329,29.945205479452056,21.3943661971831,19.822580645161292,25.5625,47.359375,25.984375,15.78125,2
2781f563c9048731cf7de830b295ef9ac7352188d3ffc337242b86633be00c8f,3.61046511627907,1.3703703703703705,0.22507122507122507,0.09770114942528736,0.15606936416184972,0.1501416430594901,0.2237960339943343,1.2285714285714286,7.215909090909091,5.4581005586592175,3.041899441340782,3.7983193277310923,4.844632768361582,3.7597765363128492,3.9441340782122905,4.103932584269663,4.7371428571428575,4.794943820224719,12.794943820224718,12.491477272727273,14.204081632653061,20.558739255014327,13.936962750716333,5.734104046242774,1
27e5da71ecacacbca7582ad2e2dcc90cf40ade7ac051e04667a9ad871dbb07be,4.838805970149254,1.7327327327327327,0.5313432835820896,0.36716417910447763,0.4375,1.375,14.13353115727003,24.476047904191617,37.227138643067846,12.625368731563421,9.584070796460177,10.374631268436579,10.662721893491124,12.029673590504451,17.486725663716815,13.563421828908554,11.834808259587021,10.426426426426426,11.801801801801801,19.794561933534744,38.08383233532934,37.532934131736525,36.91317365269461,19.77777777777778,0
2c760f46041531d032dd0a8311d52d963f2c85251e2c8205853d1c3faa3a008c,1.880952380952381,1.2648809523809523,0.5343283582089552,0.8562874251497006,0.5029940119760479,0.31343283582089554,0.21597633136094674,15.642011834319527,29.30473372781065,10.825443786982248,14.044117647058824,17.87905604719764,23.850877192982455,27.257309941520468,22.57894736842105,23.561764705882354,19.58682634730539,11.577844311377245,7.278931750741839,8.827893175074184,29.448071216617212,47.1875,25.57566765578635,6.7164179104477615,0
2cea455e599201509da6d8201aa9bef74035677cf1a2439d7a74aabb144fbe53,8.583832335329342,5.1467065868263475,2.1636904761904763,1.0535714285714286,0.6973293768545994,0.8545994065281899,2.0654761904761907,4.790419161676646,22.82248520710059,10.144970414201184,8.79585798816568,10.642011834319527,11.350148367952523,11.297619047619047,15.680473372781066,19.183431952662723,18.35207100591716,8.501501501501501,10.795795795795796,12.18429003021148,12.886227544910179,16.089820359281436,15.706586826347305,12.63063063063063,0
2d7e9647c6435072540c626321e0052bebda27075baafef9f039d3614cec4d3b,1.253125,0.24375,0.13166144200626959,0.12264150943396226,0.16300940438871472,0.1640378548895899,0.159375,0.71875,2.140625,8.7875,22.896875,35.391849529780565,34.590062111801245,31.040372670807454,32.5,26.822429906542055,31.813880126182966,16.735015772870664,17.7375,22.203125,24.525,29.288401253918494,24.88087774294671,6.99685534591195,0
3122e36fb9b36a03b6b6ef46630d377f681bb33376dd8a30e155cb535b259cb7,3.1575757575757577,1.1831831831831832,0.49096385542168675,0.6737160120845922,0.6283987915407855,0.7567567567567568,3.2749244712990935,8.51044776119403,8.776119402985074,11.570149253731342,17.080357142857142,19.6006006006006,17.62686567164179,12.621301775147929,9.485207100591715,11.160714285714286,20.324242424242424,20.195195195195197,18.972809667673715,25.77177177177177,21.58858858858859,16.61144578313253,13.332326283987916,6.542424242424242,0
324e72df215d421d3abe59b7f1431ae2b354d928990ecb203c4c938f28a53202,2.4609929078014185,2.4595588235294117,1.5912408759124088,0.8711864406779661,0.9696969696969697,3.4983164983164983,2.7058823529411766,4.610909090909091,9.16140350877193,8.635179153094462,6.006472491909385,6.339805825242719,6.595959595959596,6.810714285714286,6.076923076923077,4.509677419354839,5.509615384615385,5.464743589743589,7.447457627118644,10.725,11.597864768683275,13.670068027210885,7.445578231292517,3.2244897959183674,1
36a8582847f90dd192ffd8acbc0f7ecf3db8b4d3a50b64a47acca452f698bf08,1.5623100303951367,1.966966966966967,1.290909090909091,0.6795252225519288,0.24260355029585798,0.16863905325443787,4.133136094674557,8.831858407079647,7.28486646884273,5.580645161290323,5.0,5.885630498533724,4.6304985337243405,4.809384164222874,4.23598820058997,4.997058823529412,4.552941176470588,4.58235294117647,4.818452380952381,5.649700598802395,11.680851063829786,12.851963746223564,6.356495468277946,3.990936555891239,1
3850c2be24f48b8a04192236117d36bc368161a7637376c364df5cf829a3812d,3.6604938271604937,1.1326530612244898,0.15121951219512195,0.0,0.062111801242236024,0.017167381974248927,0.068,0.6153846153846154,1.7591623036649215,2.7612612612612613,3.0301724137931036,2.8867924528301887,3.4150943396226414,5.351063829787234,4.025125628140704,2.3756906077348066,2.423611111111111,4.543589743589743,3.6682242990654204,2.727272727272727,3.70625,4.846534653465347,5.071090047393365,5.044554455445544,1
388c760aa4a53a7c4a2eaa3f73ad79fd70442a5e66655128901d3a634b5bf057,8.080267558528428,5.5198675496688745,4.398625429553265,2.4746376811594204,2.4722222222222223,1.9138461538461538,2.0258899676375406,1.113879003558719,1.3627450980392157,4.120521172638436,6.540816326530612,11.328358208955224,6.2253968253968255,6.7075471698113205,5.598006644518272,4.15034965034965,3.7380191693290734,3.6289308176100628,5.33993399339934,5.676363636363637,8.534426229508197,9.928338762214985,6.360927152317881,6.305147058823529,1
398d6fa73168ab47be8f8b031429033bf93845a7efb6a7ff312608ed106448de,5.116766467065868,2.4174174174174174,0.5565476190476191,1.0840840840840842,1.4911242603550297,0.893491124260355,1.3076923076923077,0.6834319526627219,19.746312684365783,10.462908011869436,12.486803519061583,21.847058823529412,17.31764705882353,12.617647058823529,10.662756598240469,6.471810089020772,7.457227138643068,5.3952802359882,8.64306784660767,12.620895522388059,23.449101796407184,17.343373493975903,15.907462686567165,7.7432835820895525,0
39b47987a95ffbc44772d038c21c99057ee397169ba1aff26d11bcf09d82e8b1,5.940438871473354,3.0031347962382444,1.5125786163522013,0.6750788643533123,0.44025157232704404,0.19936708860759494,0.31761006289308175,7.320754716981132,5.827044025157233,8.374213836477987,14.235849056603774,26.41692789968652,23.81733746130031,21.346749226006192,17.1609907120743,15.360248447204969,18.012539184952978,11.779874213836479,9.715625,11.625,17.340625,52.18495297805643,37.9746835443038,20.252365930599368,0
3ba543e21d9fb316947b67a89f2502dccfd4003bc3be2a23774fc99c54ddc783,4.096676737160121,2.37125748502994,1.5495495495495495,1.4186746987951808,1.3021148036253776,2.5740181268882174,7.36969696969697,21.017910447761196,19.429850746268656,10.660714285714286,11.574850299401197,13.021084337349398,10.30952380952381,10.553254437869823,10.57396449704142,15.90207715133531,15.54380664652568,12.030211480362539,10.006042296072508,12.591591591591591,34.63663663663664,64.91842900302115,46.38297872340426,20.216216216216218,0
3fb43383534891775ffbb183335cf63ccc8e6470cba8bd0705d7ceda38b48dcd,5.511111111111111,1.9115044247787611,0.9419354838709677,0.0967741935483871,0.09701492537313433,0.09701492537313433,8.779005524861878,2.6629834254143647,3.5875,12.602941176470589,14.579881656804734,12.224852071005918,13.681481481481482,13.08108108108108,9.369426751592357,8.547770700636942,9.598540145985401,16.065693430656935,16.562162162162164,21.05945945945946,18.522875816993466,37.875,22.45562130177515,10.76923076923077,0
4136c2fb4ef6252d33555295ef53be75129a6fbcf9c8cdba5c797d0753ad30d1,6.3927492447129906,2.8955223880597014,0.9608433734939759,0.3857566765578635,0.14201183431952663,0.12721893491124261,2.9171597633136095,16.200589970501476,22.564179104477613,22.949852507374633,24.96165191740413,25.0,19.365781710914455,19.262536873156343,20.02967359050445,16.520588235294117,15.858823529411765,17.511764705882353,40.017857142857146,51.709580838323355,69.96676737160121,69.84384384384384,27.73873873873874,14.744744744744745,2
42191be5b2a353e1348443cbcd1729dbcbf370abba0d4fb2359df9c27c8117c3,5.895522388059701,1.7641791044776118,0.8988095238095238,0.7261904761904762,0.599406528189911,1.228486646884273,6.84070796460177,20.479166666666668,10.460176991150442,10.076696165191741,13.144117647058824,13.241176470588234,11.867256637168142,10.611275964391691,11.501474926253687,10.724852071005918,8.674556213017752,9.562874251497005,12.347305389221557,15.834834834834835,23.564179104477613,19.761194029850746,13.785714285714286,9.397014925373135,0
435c643ef17e3e3a3a459735fcdb270da8b84deb115bafd51d604ca2990f9b08,2.1573426573426575,1.4859154929577465,1.3633217993079585,0.7058823529411765,3.7630662020905925,0.5228070175438596,0.5121951219512195,0.8885017421602788,1.8916083916083917,2.923076923076923,4.068493150684931,5.078767123287672,4.86411149825784,5.863157894736842,5.590277777777778,3.454861111111111,4.807017543859649,4.371024734982332,4.286713286713287,3.164335664335664,5.809859154929577,5.814946619217082,6.361111111111111,3.8402777777777777,1
43e97709f7c7ef3094665f22142b9c6926521369c25a4f1e51f9668919c5d3cd,2.090625,1.238244514106583,0.6782334384858044,0.7381703470031545,0.949685534591195,0.3449367088607595,0.6959247648902821,7.429467084639499,22.69182389937107,13.29874213836478,14.764150943396226,14.820754716981131,9.68944099378882,5.937888198757764,7.037267080745342,6.404984423676012,6.290220820189274,4.7974683544303796,6.7578616352201255,22.742138364779873,40.437106918238996,12.097791798107256,3.003154574132492,1.2358490566037736,1
45312d3254f9f536efd14efe19cf24d87badbd694ce1481a71fab63b0690a552,2.693452380952381,0.8149253731343283,0.2708333333333333,0.191044776119403,0.4583333333333333,0.3492537313432836,2.056547619047619,7.245508982035928,18.245562130177515,23.772189349112427,39.23668639053255,24.346153846153847,10.599406528189911,13.863501483679526,19.51622418879056,20.31858407079646,7.017699115044247,7.834834834834835,12.3562874251497,19.315315315315317,12.73731343283582,17.540298507462687,6.645833333333333,3.970149253731343,0
45428c4d38505c31a55f82ed38df1550bfd8c698c8212985ed84c38a87681e2d,0.0,0.0,0.0,0.0,0.0,0.1527777777777778,1.0,0.0,2.873134328358209,2.081081081081081,0.6907216494845361,2.789855072463768,0.782608695652174,1.6727272727272726,0.14606741573033707,0.5126050420168067,1.7142857142857142,0.16,0.0,0.0,0.0,0.0,0.0,0.0,1
4687e365c4b1c3bb9e510b4b7162a184bdd29637aed70a6d87fc8ab1c39123e5,5.404332129963899,2.9578544061302683,2.0145454545454546,1.8443708609271523,1.8642384105960266,2.089403973509934,23.075342465753426,38.110344827586204,44.172881355932205,33.302931596091206,26.233226837060702,17.435897435897434,11.298657718120806,10.279569892473118,12.276094276094277,15.275409836065574,18.087662337662337,12.973941368078176,10.945205479452055,8.711678832116789,9.142857142857142,11.901754385964912,13.84965034965035,11.013986013986013,0
47381f9a63ea641864b527e960f2c8a7f84c3d44eeaade1c73042d190b1c17e7,3.4491017964071857,1.644776119402985,1.2937685459940653,0.8991097922848664,0.3668639053254438,1.6041666666666667,7.899109792284866,31.811377245508982,25.840236686390533,14.245562130177515,17.307692307692307,17.431952662721894,11.275147928994082,7.545994065281899,6.463126843657817,4.6371681415929205,5.389380530973451,6.2492492492492495,16.114114114114113,22.501510574018127,28.2972972972973,25.981873111782477,20.677710843373493,8.237237237237236,0
47ac6e43ccb57b2ba343a6a98ca48b06f2e6b2369c6c64ad0637941cd1a1219a,5.780564263322884,3.77602523659306,3.153605015673981,2.0564263322884013,2.08125,1.6375,0.9875,2.261006289308176,9.521739130434783,7.487577639751553,5.447204968944099,8.401869158878505,8.63551401869159,15.373040752351097,11.978193146417446,18.35514018691589,14.0,11.604430379746836,13.51592356687898,13.280254777070065,17.484177215189874,29.19047619047619,25.13968253968254,15.098412698412698,0
48f550a8e0cfade001f631e942bf2103152f807830a709ff0c2fae04d0736b8f,4.481132075471698,2.5205047318611986,0.18808777429467086,0.25705329153605017,0.484375,0.70625,1.179245283018868,2.1365079365079365,7.176100628930818,14.735849056603774,9.996865203761756,6.858934169278997,5.018867924528302,3.614420062695925,6.766355140186916,4.059190031152648,3.850467289719626,2.488888888888889,3.2626582278481013,3.286624203821656,3.4353312302839116,3.892744479495268,2.7476340694006307,3.2468354430379747,1
4e5662535b23bf117a7245292a051f0c58c18a869be4f7744dc415cc20faef69,7.102102102102102,5.372023809523809,5.54954954954955,3.833827893175074,5.763313609467455,7.997041420118343,0.9881656804733728,10.215339233038348,11.610119047619047,8.697058823529412,12.583577712609971,15.639296187683284,21.08235294117647,7.573529411764706,8.272189349112425,19.651917404129794,15.041297935103245,6.265486725663717,11.857142857142858,13.328358208955224,24.47747747747748,20.961194029850745,14.677611940298508,25.20597014925373,0
4e5e7b4a503d1e54d2c1317684028a9ba0b2f6644b3405af9fbec4d4d8339b89,5.4174174174174174,3.463855421686747,1.5178571428571428,0.7897897897897898,0.5,0.6479289940828402,0.4230769230769231,1.0207100591715976,5.399408284023669,18.636904761904763,19.097345132743364,15.094395280235988,15.085545722713864,10.346153846153847,9.469026548672566,12.26865671641791,17.618343195266274,6.84319526627219,6.408284023668639,4.099099099099099,4.195783132530121,10.978787878787879,12.955089820359282,8.910179640718562,1
5258886bf393782f1a0e237831bedaf1d73084d1dcfd9c815d6b48928a1f2033,4.0212121212121215,2.4055944055944054,2.6351791530944624,1.7428571428571429,1.5808383233532934,5.385964912280702,9.989547038327526,8.895043731778426,5.482352941176471,4.284132841328414,4.673139158576052,6.092485549132948,6.678787878787879,10.410344827586206,11.966216216216216,15.518950437317784,13.075075075075075,12.913978494623656,15.168831168831169,15.391428571428571,17.6030303030303,18.896193771626297,9.478964401294498,6.262247838616715,0
526507522c9d94cfb704f78df52c800e8dd4db336bf97d17e63f954cbac4ade5,5.588235294117647,3.0597014925373136,2.287671232876712,2.1780821917808217,1.9452054794520548,2.26027397260274,5.684931506849315,2.9027777777777777,10.027027027027026,13.837837837837839,18.91891891891892,20.08108108108108,16.63013698630137,15.887323943661972,15.805555555555555,15.083333333333334,13.555555555555555,14.458333333333334,13.056338028169014,13.318181818181818,15.941176470588236,16.5,10.5,6.75,0
52fe579e3a321c78df0c0a0479a0f97b29de34bdd0ffd7967be6a49cf3a579c5,3.9964912280701754,0.9049429657794676,0.36462093862815886,0.56,0.3576158940397351,0.32450331125827814,3.6486486486486487,9.425087108013937,15.700680272108844,16.52145214521452,15.36569579288026,10.601941747572816,10.095890410958905,10.007272727272728,7.714285714285714,6.490259740259741,8.625,12.157051282051283,19.268707482993197,28.96842105263158,28.177777777777777,21.853146853146853,12.03103448275862,7.227586206896552,0
53e63bf378327bd821b9e11be73ac0f0b5370e2ab91bd509599ec53be931c805,2.61,2.62,2.68,2.5841584158415842,2.563106796116505,2.533980582524272,2.6601941747572817,2.5145631067961167,2.588235294117647,2.8846153846153846,3.144230769230769,3.116504854368932,3.5728155339805827,4.271844660194175,4.568627450980392,2.7058823529411766,4.116504854368932,3.679611650485437,4.233009708737864,2.6019417475728157,2.93,2.878787878787879,2.702970297029703,2.5643564356435644,1
549f93a687bc0553531afbeacbd30bf831f2c3a5a039d3f528ef62786cb07fd4,7.192192192192192,3.0602409638554215,1.2119402985074628,0.7078313253012049,0.5857988165680473,1.0562130177514792,2.289940828402367,13.958579881656805,24.74041297935103,15.240356083086054,15.700879765395895,15.747800586510264,14.407624633431086,14.564705882352941,13.759530791788857,13.332344213649852,12.201183431952662,10.724852071005918,12.233727810650887,13.47305389221557,16.78078078078078,24.181818181818183,16.652694610778443,10.98502994011976,0
54e30b3d6fb8f63f1d07a0fa6978c439c05e9292d7136313460c5982fcd913c0,1.4401197604790419,0.7897897897897898,0.191044776119403,0.3433734939759036,0.7514792899408284,0.7218934911242604,1.1597633136094674,3.8727810650887573,11.5929203539823,18.87833827893175,21.821114369501466,14.082111436950147,5.894428152492669,3.1818181818181817,3.4574780058651027,8.928358208955224,4.884272997032641,3.5548961424332344,3.878338278931751,2.3622754491017965,1.5435435435435436,1.496969696969697,2.3402985074626868,1.408955223880597,1
556d7127219ab2c907e4adad5214f845a94477a28be536a0a853882260ac14af,4.544642857142857,0.8898809523809523,0.44477611940298506,0.0748502994011976,0.09253731343283582,0.10778443113772455,6.243323442136498,9.062130177514794,15.088757396449704,15.73076923076923,19.6,16.547337278106507,25.95601173020528,19.435672514619885,21.093567251461987,21.25958702064897,17.069277108433734,23.679640718562876,23.360119047619047,23.708333333333332,24.741071428571427,27.143283582089552,16.609467455621303,8.089820359281438,0
56aa6324188e6bef33e348c801af9daffb1c8a01aa5660c18782a2fa75b1067d,1.851963746223565,0.9395770392749244,2.172727272727273,0.6128048780487805,0.8042168674698795,0.6024096385542169,1.056547619047619,3.4791666666666665,12.694362017804155,13.8125,9.208333333333334,10.265671641791045,6.056213017751479,4.449704142011834,5.624260355029586,6.7970149253731345,7.734939759036145,6.788519637462236,5.712574850299402,8.467065868263473,13.808383233532934,9.105740181268882,10.854103343465045,5.714285714285714,1
5b9c0c932b9bed21a5f89e49344e900c15377e75a76c9e55a986442d2cdbcea0,5.470059880239521,0.5492537313432836,0.3115727002967359,0.3056379821958457,0.5266272189349113,0.727810650887574,1.0593471810089021,3.4191616766467066,9.13353115727003,18.9080118694362,17.171597633136095,17.893491124260354,11.020771513353116,7.84272997032641,11.814159292035399,7.259587020648968,5.463126843657817,7.656626506024097,7.6897590361445785,6.596969696969697,6.84984984984985,6.576576576576577,5.261261261261262,10.225903614457831,1
5e04b8cb63031734eca62ce17dd1debe0832b2db5401cbd2c634cf8f28781a24,7.933734939759036,6.2656716417910445,2.036144578313253,0.7359050445103857,0.46745562130177515,0.6272189349112426,0.6735905044510386,1.2662721893491125,5.641791044776119,25.57227138643068,19.289085545722713,15.336283185840708,10.218289085545722,9.458823529411765,10.934911242603551,10.047058823529412,10.535294117647059,7.002941176470588,7.468842729970326,9.558208955223881,12.644578313253012,13.497005988023952,13.44311377245509,6.413173652694611,1
5ecd2d1735fe11340fd9c1bd2accbe24d9f33b1ad807c76ebe5e9b216e29ea97,1.984984984984985,0.5331325301204819,0.11343283582089553,0.04216867469879518,0.023668639053254437,0.029585798816568046,0.34023668639053256,27.727810650887573,20.28613569321534,29.373887240356083,18.879765395894427,12.428152492668621,6.926686217008798,8.673529411764706,12.519061583577713,12.112759643916913,9.100294985250738,10.123893805309734,11.316568047337277,14.877245508982035,12.447447447447447,20.40909090909091,20.05688622754491,6.0568862275449105,0
5f1ae83b13793789cfd5d25126707bc204dbcece805ca3d545c70c61fdd2d67d,7.283950617283951,7.79320987654321,3.4055727554179565,1.9501557632398754,0.6801242236024845,0.3669724770642202,12.801204819277109,26.07831325301205,35.85843373493976,13.174698795180722,17.08433734939759,27.347305389221557,21.323442136498517,15.252225519287833,13.25,14.97305389221557,19.24773413897281,17.379939209726444,27.882530120481928,41.56927710843374,46.355421686746986,33.89090909090909,18.458204334365327,10.46583850931677,2
60c3ea764d3cb7df52bb5672692235687fca492e14a5cecacf2d537f6a45b5e2,12.766153846153847,8.901273885350319,4.161290322580645,3.6,1.966360856269113,1.403174603174603,2.549689440993789,3.8289085545722714,6.908554572271386,17.6625386996904,27.89329268292683,26.544642857142858,22.616071428571427,17.529595015576323,25.820189274447948,36.26006191950464,35.39628482972136,23.600638977635782,27.49206349206349,34.7044776119403,16.035820895522388,16.6,14.122186495176848,15.833846153846153,2
618998d395a67f631c4eb2e32dc09bd70b9a1d16ced1913aee91c4b3de2127d4,15.398860398860398,5.764204545454546,2.35,1.217142857142857,1.5621468926553672,0.6299435028248588,6.865671641791045,19.14985590778098,28.33903133903134,27.14,25.061946902654867,22.054131054131055,18.167130919220057,19.225988700564972,17.976401179941004,23.451428571428572,23.935574229691877,22.218130311614733,22.017441860465116,19.57834757834758,18.123595505617978,20.162857142857142,23.024024024024023,18.901162790697676,2
634643404b3bf78009776075b9248207eafb949701cb9a3dc1e24df248ea5694,6.714285714285714,4.874251497005988,1.4181818181818182,0.4035608308605341,0.2988165680473373,1.9792899408284024,1.4112426035502958,1.3303834808259587,2.649851632047478,4.32258064516129,14.164222873900293,33.37243401759531,39.410557184750736,17.138235294117646,10.346153846153847,9.589970501474927,11.275147928994082,6.07396449704142,10.305389221556887,13.34441087613293,9.136778115501519,18.546827794561935,11.75226586102719,8.24773413897281,0
6348d05e36d8a29d3f1918ca32c1de8a74bb09d018f739d42ee04ba2363df4cf,5.30188679245283,4.377358490566038,3.2996845425867507,1.7936507936507937,0.789308176100629,1.234920634920635,2.050632911392405,6.214511041009464,13.021943573667711,8.200626959247648,8.517241379310345,13.463949843260188,16.08695652173913,11.894409937888199,14.956656346749226,16.25545171339564,21.854430379746834,14.503184713375797,13.563291139240507,15.414556962025317,31.490506329113924,37.91373801916933,21.34185303514377,12.113924050632912,0
64ab41c059ce766832ece6b1e3d3c59972b2c4b25203cd5aacec8cc1c75c89be,3.037974683544304,1.227129337539432,1.2,1.232484076433121,0.6952380952380952,0.410828025477707,0.8018867924528302,16.454545454545453,24.695924764890282,14.87460815047022,16.047021943573668,19.482758620689655,17.748447204968944,15.77639751552795,14.479876160990711,12.922360248447205,15.537735849056604,12.556603773584905,15.090625,15.49375,27.040625,20.09090909090909,15.438485804416404,4.990445859872612,0
64b1ef151520de729cd238f1e8660ec2a4b83b54cc8cc5d4ff036af7a071530a,9.26268656716418,5.03003003003003,1.6,1.2238805970149254,1.0029761904761905,1.130952380952381,1.1153846153846154,6.848214285714286,13.288235294117648,15.208823529411765,14.391176470588235,19.8,17.805882352941175,17.420118343195266,13.270588235294118,15.197058823529412,9.735294117647058,9.37202380952381,17.29940119760479,25.054054054054053,28.856716417910448,45.4089552238806,30.06865671641791,13.912912912912914,0
654ffe747292293f89866b294cc832942f16e4ab23c57c46081eed338372c54c,3.249249249249249,2.1596385542168677,0.4417910447761194,0.11144578313253012,0.10946745562130178,0.1390532544378698,1.7514792899408285,5.341246290801187,14.893491124260356,18.44047619047619,17.044117647058822,17.402941176470588,16.897058823529413,17.067846607669615,23.885630498533725,28.423076923076923,19.023598820058996,11.195266272189349,13.532544378698224,16.925373134328357,30.01497005988024,40.25075528700906,30.62574850299401,12.811377245508982,0
671c8330557b71bad8463c43523ef7166a9d09f3d0ba0b04bb0dc61e875efc34,21.006451612903227,13.40967741935484,6.006622516556291,1.4065573770491804,0.745819397993311,0.8306709265175719,1.1118210862619808,5.054313099041534,31.297734627831716,35.47115384615385,26.417763157894736,24.614420062695924,23.078369905956112,20.965625,21.27936507936508,22.05111821086262,20.669934640522875,16.53968253968254,15.177777777777777,14.863492063492064,17.42258064516129,17.7012987012987,21.161073825503355,34.263665594855304,2
69ae485bfeb3ec296914aa205fc24a4b6424bffea5616bd794c9a95d42c50e37,4.176646706586826,1.822822822822823,0.45671641791044776,0.15223880597014924,0.09821428571428571,0.13690476190476192,0.2314540059347181,22.860119047619047,8.879411764705882,8.58235294117647,10.70796460176991,10.604719764011799,15.40117994100295,15.967359050445104,7.823529411764706,7.3952802359882,5.769911504424779,5.585074626865672,6.933933933933934,5.225903614457831,7.538922155688622,10.70059880239521,6.823880597014925,6.171686746987952,1
6c4f5153b101b63c0176ff30fa192b5a35dceaff76991eeebb6fe18fdc311b36,12.474474474474475,8.243975903614459,5.800595238095238,6.168168168168168,6.3076923076923075,7.1390532544378695,7.236686390532545,35.071005917159766,48.03834808259587,22.272997032640948,22.099706744868037,25.00294117647059,17.85,13.68235294117647,13.422287390029325,12.781710914454278,13.897058823529411,12.882352941176471,12.770588235294118,14.952380952380953,11.053731343283582,14.444444444444445,20.355223880597016,30.752238805970148,2
6d78d9f7602ccd9f078b769d12aef719badf5bebc92cf7e4f418b217055836af,6.893203883495145,3.145631067961165,0.9902912621359223,0.37254901960784315,0.3786407766990291,0.7766990291262136,0.6310679611650486,8.495145631067961,4.70873786407767,11.495145631067961,8.875,13.365384615384615,16.692307692307693,12.5,6.663461538461538,9.22549019607843,8.673267326732674,10.653465346534654,9.851485148514852,5.3861386138613865,19.366336633663366,14.61,7.8316831683168315,5.894230769230769,1
6e329c951b6313cece5552ec5ce9afc4f60c81f84b83283d5b3290104fb3edd9,1.2598187311178248,0.718562874251497,0.39039039039039036,0.22289156626506024,2.9207317073170733,3.416918429003021,3.081570996978852,10.385074626865672,11.776119402985074,16.52537313432836,10.766467065868264,7.0120481927710845,8.741071428571429,6.952802359882006,6.126843657817109,8.056379821958457,8.081818181818182,8.18429003021148,14.099697885196374,16.68168168168168,13.00900900900901,10.174698795180722,5.196374622356496,3.746987951807229,1
709b688676b7f7f0855f4d44594395e1f046ac6deb6ad99df48ee7dde74fd0bc,14.580060422960726,11.50453172205438,7.2097264437689965,2.97583081570997,1.299093655589124,0.6646706586826348,0.8233532934131736,4.658682634730539,7.345345345345345,9.179640718562874,14.189759036144578,15.2,14.558208955223881,14.27245508982036,18.264264264264263,20.180722891566266,18.91717791411043,14.121212121212121,11.133333333333333,12.957575757575757,10.728658536585366,8.738461538461538,8.095092024539877,11.816265060240964,0
70f87ad6197d3b5750fcb2d9e7e7f9bff63b34b5b0e26b04b2396a0c46b8c7cf,4.647761194029851,1.8168168168168168,1.4613095238095237,1.3898809523809523,1.2462908011869436,1.3125,7.654761904761905,30.045045045045047,33.538690476190474,21.217261904761905,18.94658753709199,17.783382789317507,13.494047619047619,15.813056379821958,11.103244837758112,12.525073746312684,11.24188790560472,14.78078078078078,15.843843843843844,25.22356495468278,26.308383233532933,13.619760479041917,12.077844311377245,8.465465465465465,0
7345c4dde32cc95f023b26956d10acc061a6d2421b68e5dd68534ed6d160fb71,9.12797619047619,2.1253731343283584,0.5816023738872403,0.47774480712166173,0.2514792899408284,0.7958579881656804,19.109467455621303,38.666666666666664,13.50294117647059,10.161764705882353,5.676470588235294,5.291176470588235,8.95,11.505917159763314,10.844117647058823,8.867647058823529,16.24705882352941,20.083582089552237,16.594594594594593,17.28614457831325,16.75449101796407,18.58682634730539,38.137724550898206,40.213213213213216,0
74c0674c9e8f8135071d5da237f06b46de00b32fa91ec1e7da1d52a87400449f,3.407294832826748,1.6606606606606606,0.6193353474320241,0.2789317507418398,1.757396449704142,0.8047337278106509,0.34911242603550297,1.0501474926253687,4.955223880597015,6.174041297935103,9.74705882352941,10.9,10.946902654867257,4.949852507374631,5.294642857142857,6.159763313609467,4.678466076696165,4.115044247787611,5.931547619047619,7.72972972972973,9.112121212121211,10.858433734939759,6.234939759036145,3.891238670694864,1
74e914f319652f5f307342a0d099c0f8d6bd8473ce9c9bec5f9fab83504f2d99,3.7095808383233533,1.51044776119403,0.7655786350148368,0.6320474777448071,0.5769230769230769,0.9408284023668639,1.9226190476190477,13.846846846846846,8.106824925816024,12.451038575667656,16.474777448071215,14.599406528189911,12.803571428571429,16.474777448071215,16.141592920353983,12.84660766961652,11.389380530973451,14.889221556886227,15.984984984984985,12.283987915407854,12.743283582089552,22.453731343283582,22.746268656716417,10.24251497005988,0
754a5c9a57b35546642103e3b4ba56ed24c744d09d16fdb3c76fbd4df3158c6e,3.6238805970149253,2.7365269461077846,1.380952380952381,0.8035714285714286,0.7291666666666666,1.6696428571428572,18.82686567164179,23.19277108433735,12.857142857142858,13.01780415430267,12.624260355029586,15.050295857988166,13.869436201780415,9.223214285714286,10.393491124260356,13.568047337278106,13.753709198813056,17.92192192192192,15.760479041916168,19.580060422960724,20.46865671641791,13.6,14.492537313432836,7.470059880239521,0
79a0070f24e8fc0fb90e53e47e42c17b4e09258cc3aa084384c226c58856fd16,12.689759036144578,3.6132930513595167,13.047904191616766,6.550898203592815,0.14626865671641792,1.0119402985074626,6.816023738872404,41.67559523809524,28.3,11.041176470588235,13.841176470588236,14.277286135693215,13.129793510324484,16.4375,8.41715976331361,8.23598820058997,9.020648967551622,8.260479041916168,16.35843373493976,11.162650602409638,13.31437125748503,16.517964071856287,9.95808383233533,4.930513595166163,0
79a38cf5d963acbff3c6da6744146bcdf980112e814d50d997bf42680c07aa33,1.583596214511041,0.439873417721519,0.1792452830188679,0.0,0.06583072100313479,0.08201892744479496,4.639240506329114,13.471337579617835,7.668769716088328,15.114285714285714,16.246835443037973,15.550314465408805,17.70846394984326,16.57680250783699,15.769470404984423,12.059190031152648,10.984423676012462,9.781645569620252,16.646687697160882,19.3343949044586,28.50314465408805,30.669811320754718,14.861635220125786,3.4968354430379747,0
7ded8206a4d587744acc7f0db57acc9c66fde89a50721ab006d39da0eebc3d79,14.292168674698795,7.293051359516617,4.6006006006006,3.4774774774774775,2.404191616766467,1.9096385542168675,2.9274924471299095,8.063636363636364,7.90990990990991,9.696696696696696,14.622754491017965,16.64071856287425,16.928358208955224,21.08682634730539,20.729166666666668,23.136904761904763,19.49404761904762,16.244712990936556,15.148936170212766,17.84355828220859,21.749244712990937,26.507552870090635,21.773413897280967,18.951515151515153,0
7fc2f8cd34da16955a96c6cf4f5fc974682c5b5b8d05d2dc26a62837053589ca,6.194945848375451,1.7790697674418605,0.45318352059925093,0.5482758620689655,0.45733788395904434,0.5699658703071673,1.2852112676056338,11.71062271062271,17.227118644067797,16.93548387096774,17.063897763578275,13.581469648562301,15.31081081081081,14.457627118644067,12.221854304635762,12.724025974025974,14.591639871382636,13.382636655948554,9.776632302405499,18.424460431654676,36.73309608540925,36.87372013651877,20.472789115646258,13.72108843537415,0
8070ca4f74c682e86437abfcf9b3afc61a986e1640faac895e7d0d6694dbe0b4,5.7357357357357355,2.3633633633633635,1.3273809523809523,0.4984984984984985,0.09763313609467456,0.20414201183431951,0.4378698224852071,6.970414201183432,16.533923303834808,38.15727002967359,23.865102639296186,15.269794721407624,16.0,15.755882352941176,19.3841642228739,21.590504451038576,11.705014749262537,14.47787610619469,15.855457227138643,24.008955223880598,32.290419161676645,21.837349397590362,19.970149253731343,12.155688622754491,0
8095f8865a20aa481e296515931c84edcf23bb734a759bf20dd6f445eb38f065,5.260606060606061,2.4024024024024024,1.7727272727272727,0.7738095238095238,0.5786350148367952,0.5103857566765578,5.14540059347181,9.68141592920354,7.703592814371257,3.0798816568047336,7.2485207100591715,11.106508875739644,8.914201183431953,8.565088757396449,4.136904761904762,3.426470588235294,5.905882352941177,7.647058823529412,11.617210682492582,11.632835820895522,13.187311178247734,14.162162162162161,9.711711711711711,5.572289156626506,1
80f289b0e606a8074313ff87a23da7992e35b7e0a9ac44be61fc552a3f4c4b71,9.18840579710145,11.577205882352942,8.364285714285714,1.222950819672131,0.5522875816993464,0.6895424836601307,1.5133333333333334,19.536585365853657,9.965986394557824,5.551155115511551,6.808441558441558,8.675324675324676,10.536082474226804,11.04225352112676,11.633561643835616,11.13225806451613,11.173076923076923,10.740384615384615,8.313131313131313,15.077777777777778,15.953405017921147,17.47902097902098,15.845890410958905,9.547945205479452,0
829c7037c984bc4cae598da2b80100e9f6b715d87e5c8c031df1d46d958bc41b,12.477611940298507,7.6467065868263475,2.0,1.2470238095238095,2.427299703264095,3.7091988130563798,26.245562130177515,59.517857142857146,42.911764705882355,20.658823529411766,14.079411764705883,17.303834808259587,19.076470588235296,15.801775147928995,11.161764705882353,14.938235294117646,15.379411764705882,13.534328358208954,11.81981981981982,9.210843373493976,6.952095808383233,7.092814371257485,10.91891891891892,11.386706948640484,0
82c38d9a1586cb2dbfd0e0c72e9da354c9485a96cfca4b8e46a9cb90aba8e24c,12.66865671641791,6.3373134328358205,1.9760479041916168,0.5405405405405406,0.8507462686567164,1.1761194029850746,1.3946587537091988,9.617210682492582,8.751479289940828,14.166172106824925,6.261127596439169,6.605341246290801,8.391176470588235,10.458823529411765,13.75294117647059,14.237388724035608,8.483483483483484,9.06060606060606,7.301204819277109,9.123493975903614,22.367469879518072,34.848942598187314,34.495440729483285,17.602409638554217,0
83edaf713d84fffcf60c39b5e1329cf1e1f7a6f0b1821c629ea8d2860c6ed932,2.2686084142394822,1.594155844155844,1.804054054054054,0.9692832764505119,0.7620689655172413,0.4642857142857143,0.6688311688311688,0.8928571428571429,5.397350993377484,9.708333333333334,9.534201954397394,7.182389937106918,7.182389937106918,4.322884012539185,5.9743589743589745,9.233766233766234,4.79,2.203225806451613,2.1,1.461290322580645,0.8459016393442623,3.542207792207792,2.1879194630872485,9.832258064516129,1
84c9261920082c47a5943f70dca58883bb442ec883b7095469c7f6ec0548444b,3.625,1.6136363636363635,1.2037037037037037,0.5178571428571429,0.42857142857142855,0.7608695652173914,3.183333333333333,8.721311475409836,15.5,11.090909090909092,15.842105263157896,15.5,18.25531914893617,17.638297872340427,12.666666666666666,14.833333333333334,14.018518518518519,13.30952380952381,11.288135593220339,7.80327868852459,13.659574468085106,12.877551020408163,17.45614035087719,10.258620689655173,0
866beb88e0d9d15f53513d11b4d0fb5aee4c51a9c57fefcc9eaaf40ca206be8f,10.295180722891565,5.894578313253012,2.915407854984894,0.8145896656534954,0.3575757575757576,1.190909090909091,10.39820359281437,4.782089552238806,8.871641791044777,8.197014925373134,11.056547619047619,14.014792899408285,12.416422287390029,13.715542521994134,9.337243401759531,12.275964391691394,10.252252252252251,10.054380664652568,12.18918918918919,18.43243243243243,23.92792792792793,21.540785498489427,15.799392097264437,17.14848484848485,0
86b01fd3fb6d613e5dbf7934dc20d1224ec122ea8030d0affba963907f3f643a,2.8713235294117645,0.7886792452830189,0.24444444444444444,0.08561643835616438,0.11186440677966102,0.376271186440678,2.0207612456747404,7.820143884892087,11.911262798634812,8.805194805194805,9.887459807073954,8.85209003215434,5.145328719723183,6.04421768707483,7.810457516339869,7.935897435897436,5.974603174603175,10.657142857142857,14.295681063122924,20.518796992481203,12.137546468401487,10.951219512195122,8.447916666666666,4.979166666666667,1
87d9ca8e66cf4a6255fc79c75ab643616840ce8b10ed760b07cb7823ffaca84d,7.128205128205129,2.6390977443609023,0.992619926199262,0.5838926174496645,19.461794019933556,28.159468438538205,33.227586206896554,49.088235294117645,52.43344709897611,54.83934426229508,49.45779220779221,43.896103896103895,35.18150684931507,19.99288256227758,14.873333333333333,13.305732484076433,12.88888888888889,17.625396825396827,13.31081081081081,15.245551601423488,15.765342960288809,15.293706293706293,14.721649484536082,12.402061855670103,3
87f45d2f34c6a4d05713fe62ddc96344c93155e6fe9f55e12a449a52cfdfdad3,5.664652567975831,3.395209580838323,3.7267267267267266,2.6656626506024095,2.7333333333333334,3.0512048192771086,46.593939393939394,27.67065868263473,20.182634730538922,17.6,19.454819277108435,20.827794561933533,20.711309523809526,15.47197640117994,10.200589970501476,11.283185840707965,13.029850746268657,13.201807228915662,15.259036144578314,29.320359281437124,38.275449101796404,42.252252252252255,21.26139817629179,10.237237237237236,0
88a74a548910109716c93fc049b7abbad18779111d93bb48d3a21dc0321a0d3b,5.83125,1.734375,0.8338557993730408,0.7924528301886793,1.0094043887147335,8.347003154574132,67.51875,36.7125,19.671875,18.265625,12.755485893416928,13.438871473354231,12.987616099071207,16.34984520123839,12.996904024767803,19.658385093167702,15.762658227848101,11.883647798742139,8.271875,9.465625,19.721875,18.68025078369906,11.230529595015577,9.724137931034482,0
892a2c3cf3904607dff569f5d7c74fa227eaa167e190a9deb003a781a1ff1fd1,2.641337386018237,2.082066869300912,1.0853658536585367,0.5351681957186545,0.2822822822822823,0.18429003021148035,0.16913946587537093,2.228486646884273,8.967359050445104,11.468842729970326,7.597633136094674,6.522123893805309,7.318713450292398,7.0964912280701755,5.178362573099415,5.442477876106195,5.635820895522388,3.510574018126888,3.5675675675675675,3.718562874251497,4.748502994011976,4.8121212121212125,5.60790273556231,2.8837920489296636,1
89443c1e1ecd2f64829112ca6be5490dd4b39cd882d7a85e675066c61902fdbe,1.778443113772455,0.06824925816023739,0.15269461077844312,0.12462908011869436,0.09467455621301775,0.10355029585798817,0.10059171597633136,0.02064896755162242,6.517857142857143,7.778761061946903,8.008849557522124,5.311764705882353,4.020588235294118,3.9676470588235295,5.579881656804734,3.6676470588235293,4.0323529411764705,6.267647058823529,13.747774480712167,32.31641791044776,20.99700598802395,5.642857142857143,1.9226190476190477,4.651785714285714,1
8ad5e61e3cd7ea1c2fad1c87a051a8bf18deace1193a0aa6a1b2df427c214310,3.1540785498489425,1.437125748502994,0.4024024024024024,0.2620481927710843,0.08157099697885196,0.28955223880597014,2.602409638554217,12.366071428571429,16.839285714285715,9.107142857142858,8.228228228228229,9.464071856287426,13.00297619047619,11.368731563421829,13.386430678466077,17.340236686390533,16.213213213213212,14.427272727272728,16.75226586102719,15.04191616766467,14.505988023952096,13.792792792792794,11.478915662650602,6.837349397590361,0
8b178fc327d01fe01b04297a6fb9dad1b006999d6404df2dbf8e6ae4c6d44740,8.19182389937107,3.852201257861635,2.444794952681388,1.8734177215189873,1.9904761904761905,1.7763578274760383,1.7192429022082019,12.49685534591195,32.18867924528302,23.066037735849058,20.342767295597483,21.575,18.541795665634673,18.60061919504644,21.05263157894737,16.521875,17.479495268138802,18.7373417721519,23.31761006289308,24.30817610062893,35.08490566037736,28.839116719242902,30.034700315457414,22.066246056782333,2
8c1e4115d09a2b30e50feaa9de17e27dba9cb7d0c085db7041d2f1c0ecdf0f8f,0.2972972972972973,0.35435435435435436,1.5301204819277108,1.700906344410876,1.4354354354354355,0.12312312312312312,1.3620178041543027,18.96439169139466,19.2433234421365,4.6101190476190474,2.6328358208955223,2.444776119402985,1.6893491124260356,1.6153846153846154,1.6272189349112427,3.0686567164179106,4.984939759036145,3.43202416918429,5.958083832335329,9.380239520958083,13.535928143712574,10.501501501501501,5.918181818181818,1.1873111782477341,1
9138ec257211c59e2bb814d2c352671c33ee5b70fcd4a5a5b7d3fd7a77f9b37b,1.3746031746031746,0.9746031746031746,0.6910828025477707,0.597444089456869,0.3885350318471338,0.29936305732484075,0.365625,1.35625,2.175,1.31875,1.0344827586206897,2.0940438871473352,2.2857142857142856,1.9316770186335404,2.1552795031055902,3.4670846394984327,2.700636942675159,2.8594249201277955,3.634920634920635,3.1587301587301586,3.857142857142857,3.3821656050955413,2.0415335463258786,2.826923076923077,1
93078390539d3924bfb40c5e313456433b67fbfc45dc21cf91aa4e71b00166c5,5.385714285714286,3.018796992481203,2.5942028985507246,2.1490066225165565,2.745874587458746,1.778877887788779,2.305084745762712,8.12589928057554,13.115523465703971,15.286666666666667,18.840531561461795,18.441860465116278,25.255972696245735,20.180505415162454,15.20494699646643,13.877887788778878,11.026143790849673,8.757377049180327,10.0711743772242,14.851449275362318,18.815217391304348,21.21602787456446,10.969072164948454,7.804123711340206,0
93282a0aec78fc448f2cae63ce5f4912e5c72ecfa52f1422f631406fd89298dc,4.5044510385756675,2.56973293768546,2.3511904761904763,1.188622754491018,2.8358208955223883,0.3383233532934132,0.49258160237388726,6.14540059347181,17.37091988130564,11.407738095238095,14.156342182890855,15.50297619047619,14.548387096774194,11.909090909090908,13.03225806451613,16.919881305637983,19.06006006006006,17.265671641791045,14.507418397626113,12.887240356083087,13.09792284866469,14.958333333333334,13.216617210682493,10.020833333333334,0
95bbc4220a337f0d7e8c5a242883020091c0f40023b3331ccadde67dffc3ec00,8.596363636363636,3.076923076923077,1.4071428571428573,0.9832775919732442,0.9966777408637874,1.5149501661129567,8.365187713310581,13.795620437956204,22.344709897610922,26.23856209150327,25.463022508038584,18.964401294498384,10.979452054794521,13.085106382978724,13.144736842105264,14.948717948717949,15.840255591054314,15.10223642172524,12.505016722408026,15.360594795539033,20.130909090909093,20.81184668989547,20.8,16.90344827586207,0
9741c6ba72683cabf9d613137ee6ae7cb9e07abf79cb17257e607292b11b8f97,0.9651898734177216,0.41455696202531644,0.12852664576802508,0.12225705329153605,0.140625,0.00625,0.04716981132075472,0.1518987341772152,0.34796238244514105,0.64576802507837,0.74375,1.3,1.540625,2.9623824451410656,2.9221183800623054,1.912772585669782,1.3457943925233644,1.33015873015873,1.4082278481012658,1.9394904458598725,1.6750788643533123,1.5601265822784811,1.2151898734177216,0.9777777777777777,1
99085f844a8a5afa9f961a2d1cafbc633a1b96c9a1c9748bff3a8e310488534a,7.364457831325301,0.6447761194029851,0.3102409638554217,0.14540059347181009,0.20414201183431951,0.3254437869822485,0.6834319526627219,2.253687315634218,1.2640949554896141,1.5366568914956011,3.935483870967742,4.252199413489736,4.029325513196481,3.7859237536656893,3.6548672566371683,3.038235294117647,5.514705882352941,2.7323529411764707,1.5163204747774481,0.43283582089552236,1.1746987951807228,6.062874251497006,11.823353293413174,4.538922155688622,1
99a2595f539648e43326b0e86995b08375b9adaa309be87e1036232a1b3ab5f9,1.0477611940298508,1.811377245508982,1.5386904761904763,0.5267857142857143,0.27596439169139464,0.22551928783382788,1.827893175074184,35.964071856287426,10.464497041420119,5.905325443786983,12.91715976331361,14.84319526627219,9.818991097922849,6.881305637982196,5.286135693215339,8.058997050147493,9.194690265486726,12.419161676646707,33.49700598802395,32.96978851963746,24.547904191616766,9.164670658682635,6.656716417910448,2.3532934131736525,0
9c31cfed63e35918b7bb24a8d94b16f8fe0e1c22e5f6d2fbed5565e7214bb6ff,3.6576576576576576,2.147590361445783,1.3850746268656717,0.7319277108433735,0.6420118343195266,0.8017751479289941,1.6745562130177514,14.304733727810651,29.200589970501476,18.216617210682493,15.085043988269796,12.988269794721408,19.055718475073313,4.823529411764706,4.86217008797654,10.329376854599406,13.84319526627219,7.9171597633136095,5.733727810650888,6.173652694610778,6.594594594594595,10.00909090909091,11.131736526946108,11.125748502994012,1
9cb2d6ccdab8b3f0a008dd20de7f4f96fcd1583e9d1109f62f518a62b7fe055b,2.80188679245283,0.7097791798107256,0.49843260188087773,0.3448275862068966,0.50625,1.515625,0.5987460815047022,7.942857142857143,42.45141065830721,35.415625,36.709375,32.4858934169279,17.949685534591193,13.031446540880504,13.6375,9.865625,10.503125,12.118210862619808,16.389240506329113,25.56549520766773,20.829652996845425,21.722397476340696,15.135646687697161,7.927215189873418,0
9e28e979c65e1689b032b5ab2672e129d1dd875e1559e6201f1e89fd61b8604a,18.63914373088685,10.190909090909091,4.668693009118541,1.1798780487804879,1.2110091743119267,1.3161094224924013,2.8990825688073394,43.764350453172206,75.27492447129909,37.88821752265861,37.154545454545456,38.52567975830816,34.552552552552555,22.154761904761905,20.43452380952381,15.520958083832335,13.521084337349398,14.929447852760736,18.347560975609756,19.166666666666668,17.3969696969697,30.088145896656535,32.36391437308868,23.07033639143731,2
a03fdaff81adf2a5daf89f7eb80c74316130a36d744897c766e4aca2c68c4800,17.188059701492538,8.654654654654655,5.7880597014925375,2.880952380952381,1.5163204747774481,1.1038575667655786,1.3284023668639053,8.886904761904763,17.21764705882353,11.547058823529412,9.1,13.601769911504425,13.51764705882353,11.908284023668639,11.01764705882353,14.141176470588235,17.826470588235296,15.438805970149254,20.153153153153152,17.52710843373494,12.58682634730539,18.338323353293415,22.71556886227545,22.8855421686747,0
a0a4fd2044a221c83414acba2d54bb0650c644d4ee17ca9dc5f423ec5473e9e8,2.770392749244713,1.7673716012084593,1.3402985074626865,0.4036144578313253,0.2514792899408284,0.17159763313609466,0.10650887573964497,0.757396449704142,7.946902654867257,8.183976261127597,17.81524926686217,19.806451612903224,14.348973607038124,8.58529411764706,4.914956011730205,3.9791666666666665,3.56508875739645,2.9023668639053253,8.340236686390533,12.81437125748503,16.735735735735737,20.593939393939394,19.976047904191617,6.993993993993994,1
a0d7db7ac82c66bb21c61780a782b92df8707d7ce5776fbe7e70049e024d91c5,13.059701492537313,2.784431137724551,0.9613095238095238,0.8809523809523809,0.7893175074183977,0.7507418397626113,18.620178041543028,21.3125,43.23598820058997,22.91740412979351,18.65,20.209439528023598,24.561764705882354,21.150887573964496,11.144117647058824,13.235294117647058,15.176470588235293,11.08955223880597,16.40840840840841,11.328313253012048,10.996996996996996,20.84084084084084,26.42814371257485,26.936936936936938,0
a2a80a27134802fdf56c90a5063fae73d9a9b51e82c58f9ebc6f78dcb092444f,6.657657657657658,1.2205438066465257,0.33532934131736525,0.3373134328358209,0.5446428571428571,0.6,2.1517857142857144,11.11044776119403,16.36094674556213,11.606508875739644,11.330383480825958,16.669616519174042,15.541420118343195,14.059701492537313,29.148367952522253,45.239644970414204,51.50295857988166,42.46546546546546,35.157099697885194,32.51204819277108,32.393393393393396,61.108108108108105,41.6006006006006,22.429003021148038,2
a3ca169c7d21458620a8764b16d079ceedc38c8937902ed83a8a5af98c9c1548,41.93333333333333,15.525925925925925,6.2811387900355875,3.6490066225165565,3.2046204620462047,8.587458745874587,6.138888888888889,10.28368794326241,19.08053691275168,25.0,33.1025641025641,32.63461538461539,29.563758389261746,28.278388278388277,27.654109589041095,27.63606557377049,22.977198697068403,18.76872964169381,19.030405405405407,21.706093189964157,24.9182156133829,44.064625850340136,70.95254237288135,57.54237288135593,2
a4a4a56d187cc092d87e428f715cf3054e9320a29e94d657b104e424d26486e8,3.141141141141141,2.921921921921922,2.053731343283582,1.562874251497006,0.8119402985074626,0.26865671641791045,0.16716417910447762,2.5611940298507463,0.6548672566371682,1.5073746312684366,4.100294985250738,11.064896755162241,13.602373887240356,13.249258160237389,13.52802359882006,14.056047197640117,12.716814159292035,11.573573573573574,10.717717717717719,10.048780487804878,8.411411411411411,7.380664652567976,8.900302114803626,5.018072289156627,1
a6912b773c1813d0f764e209c1d487b8480b8788c1da7d51c0f92810aee43b14,9.869047619047619,3.1547619047619047,0.5582089552238806,0.1497005988023952,0.4289940828402367,0.28955223880597014,8.135693215339233,66.1386430678466,7.430678466076696,10.24702380952381,14.93235294117647,10.919881305637983,10.841176470588236,9.636363636363637,7.774193548387097,10.846153846153847,16.77177177177177,16.620481927710845,19.125,21.848214285714285,24.81845238095238,24.877611940298507,34.85885885885886,19.262686567164177,0
a872fc154b115ea5396620f3b3aeaef938269b4e50234eed1f5944c10211e69f,1.1309904153354633,1.0886075949367089,1.3067092651757188,0.8119122257053292,0.334375,0.8125,3.1625,10.02803738317757,11.138364779874214,10.329192546583851,10.645962732919255,8.701863354037267,4.909937888198757,5.869565217391305,3.940625,4.1397515527950315,6.304347826086956,6.1894409937888195,11.342767295597485,30.157728706624606,32.61341853035144,7.784126984126984,4.2444444444444445,1.4253968253968254,1
abebb8586dada8c0ceed9b226ef21fe4ebf26d715a4fbe29fecd52402d90e621,10.73873873873874,2.18018018018018,0.875,0.75,0.3115727002967359,0.26409495548961426,4.083086053412463,47.3963963963964,30.694362017804153,21.718934911242602,32.35207100591716,37.28698224852071,58.70238095238095,44.604166666666664,30.488165680473372,36.10979228486647,21.382789317507417,20.55688622754491,22.508982035928145,28.83987915407855,47.952095808383234,69.50898203592814,91.32634730538922,40.474474474474476,2
b1bbeefdcb85aac7dd563aa81f764dd3e1460ba4e0a005fba51467c924aec66c,6.658610271903323,2.8293413173652695,1.6546546546546546,0.9487951807228916,1.1787878787878787,2.6686746987951806,13.03323262839879,22.197014925373136,18.95223880597015,14.379104477611941,16.092814371257486,14.341389728096678,12.017964071856287,10.267062314540059,8.680473372781066,8.510385756676557,9.795795795795796,9.885196374622357,13.231927710843374,18.122754491017965,28.88622754491018,21.753753753753752,18.435045317220546,8.93655589123867,0
b4386cefaa302a7a1b46410ee67870b81d48a0622286cdaecf2a9b5325338311,4.215189873417722,3.207547169811321,3.746031746031746,1.8181818181818181,1.565625,1.371875,1.628125,4.006230529595015,9.595611285266457,12.58204334365325,10.1640866873065,6.027863777089784,4.869969040247678,6.606811145510836,5.386292834890965,9.096273291925465,7.788819875776397,4.161490683229814,4.605015673981192,3.8647798742138364,4.018987341772152,5.6257861635220126,11.182389937106919,4.248427672955975,1
b4907bdbeeeee0a57531e51fa15393a4e883f63cd3094ab5bd4c4fe459b5d292,6.761904761904762,2.591078066914498,1.1821561338289963,0.5892255892255892,0.45302013422818793,0.46308724832214765,11.406896551724138,6.45,5.6055363321799305,7.61437908496732,8.205787781350482,9.609677419354838,13.799331103678929,9.807829181494663,11.930795847750865,9.896440129449838,8.654838709677419,7.512903225806451,9.1786941580756,10.461818181818181,9.075187969924812,9.883802816901408,9.868055555555555,8.104166666666666,1
b493fa43d6fd97e6adc767b2a2b23e831207f8df583346ac1f58c0beed63e01d,5.951367781155016,1.7477203647416413,0.4878048780487805,0.3159509202453988,0.18181818181818182,0.7981927710843374,0.25,5.560830860534125,9.195845697329377,6.682492581602374,8.420588235294117,14.251479289940828,15.997067448680351,9.319648093841643,7.375366568914956,8.367469879518072,11.445121951219512,9.484662576687116,17.404255319148938,26.401215805471125,36.79939209726444,27.68,19.220183486238533,7.3567073170731705,0
b605dbf69f8c91d76892f26a843a3ee7924c3ed0c80999684e80ed03485af3c2,12.430817610062894,6.6265822784810124,4.251572327044025,2.481132075471698,2.084639498432602,2.413793103448276,2.5329153605015673,16.29245283018868,31.406832298136646,37.453416149068325,20.633540372670808,23.388198757763973,27.953416149068325,25.046875,22.30745341614907,22.012422360248447,20.319875776397517,21.009463722397477,14.914556962025317,13.161904761904761,18.16403785488959,24.189274447949526,18.706624605678233,17.240506329113924,2
b7046bcfff553af05515b352d2e1cbf94f1476f7c5f2589e214d13c25df44ee9,7.871473354231975,2.300940438871473,1.1226415094339623,0.3746031746031746,0.27531645569620256,2.4158730158730157,26.632075471698112,48.07232704402516,16.754716981132077,13.427672955974844,14.905362776025237,10.378125,7.58204334365325,9.06811145510836,10.93498452012384,13.894080996884735,9.314465408805031,10.836477987421384,11.86875,12.453125,23.453125,20.32601880877743,25.097791798107256,25.034591194968552,0
b7e0c4a876cc98b4a8626f4715eb455c87bf750189bca16b0cfe69d58f6548b8,4.4335443037974684,1.5981012658227849,0.7333333333333333,0.5732484076433121,0.726984126984127,3.329113924050633,4.918495297805642,12.39498432601881,21.128526645768027,14.89308176100629,18.540880503144653,18.242138364779873,21.01246105919003,17.30841121495327,13.940809968847352,18.849056603773583,11.936708860759493,9.58095238095238,12.666666666666666,18.91823899371069,19.534591194968552,19.290220820189276,21.280254777070063,13.775316455696203,0
b7f0c7293d547631b665e99e0a8f3aaa2969931221211d5063bbf2fa5acf3f15,1.3123028391167193,0.39747634069400634,0.3449367088607595,0.37142857142857144,0.2861635220125786,0.21587301587301588,6.575,11.25,4.65,9.884375,14.878125,13.209375,9.922600619195046,7.256965944272446,5.897832817337461,5.909937888198757,6.347003154574132,4.4245283018867925,10.428125,21.315625,20.846875,20.683385579937305,8.892744479495269,3.803174603174603,1
b897e23dc60cd5aeaf366a9f1415f6852476b1812e6033b1c1e945355c8ba578,1.6955223880597015,1.3832335329341316,0.9255952380952381,0.9464285714285714,1.2857142857142858,0.9166666666666666,16.142857142857142,19.903614457831324,12.610119047619047,8.881305637982196,5.668639053254438,8.26923076923077,7.197014925373134,8.625,13.752212389380531,12.52212389380531,9.180473372781066,9.285285285285285,13.847305389221557,23.86060606060606,32.55522388059701,28.591044776119404,18.99402985074627,5.937125748502994,0
b8bdc4e06708ac5f63a523fd629b98378b8a393730f03590d5e7230b7a5268b0,2.3452380952380953,1.1607142857142858,0.591044776119403,0.3143712574850299,0.036036036036036036,0.25449101796407186,3.7767857142857144,8.778106508875739,3.544378698224852,9.263313609467456,7.626470588235295,5.84070796460177,1.7690058479532165,1.6140350877192982,0.9766081871345029,2.723529411764706,2.5922619047619047,2.090634441087613,3.419642857142857,4.657738095238095,7.053571428571429,9.507462686567164,4.0,2.2235649546827796,1
c0f2169a7524132a58b783b5036a79860819b6f1037ffbd0ee3a4b80c74477b4,18.767857142857142,12.0,3.6973293768545994,2.0445103857566767,1.3047337278106508,0.29289940828402367,0.4467455621301775,3.0208333333333335,14.802941176470588,19.611764705882354,13.831858407079647,11.755162241887906,6.6342182890855455,4.287833827893175,5.7558823529411764,9.96755162241888,9.958702064896755,10.295522388059702,7.333333333333333,8.484939759036145,7.2604790419161676,6.619760479041916,11.58682634730539,16.066066066066067,1
c42e195118f185bd2fe68e3e709c0430fde6921a8b9d8731f424ac9da033c9b9,26.515060240963855,12.220543806646525,4.865671641791045,3.183734939759036,3.0532544378698225,3.727810650887574,2.9792899408284024,8.136498516320474,22.467455621301774,14.053412462908012,18.38235294117647,18.526470588235295,18.158357771261,20.623529411764707,20.178885630498534,13.041543026706231,13.457227138643068,13.480825958702065,19.42772861356932,20.769461077844312,23.6006006006006,24.303030303030305,31.03903903903904,35.57957957957958,2
c581d74b6d96723044d1e65710de678700e1c91e0ea1bc7b7c0e09acce00e442,12.15820895522388,8.263473053892216,5.142433234421365,1.5508982035928143,1.0857988165680474,1.5828402366863905,1.485207100591716,4.284023668639053,21.876106194690266,15.522255192878339,20.193548387096776,28.117302052785924,16.4633431085044,10.114705882352942,12.586510263929618,10.94047619047619,9.816568047337277,13.23076923076923,14.357988165680473,15.89820359281437,21.1981981981982,59.10843373493976,46.93154761904762,10.62797619047619,0
c5b9e61d89b88f7e7b8a92d732b37de45eea1dd96c5e073f0108824b2a62893c,2.1731343283582087,0.7970149253731343,0.5389221556886228,0.5512048192771084,0.23564954682779457,0.25149700598802394,2.1636904761904763,9.446428571428571,12.350148367952523,11.339285714285714,17.029498525073745,18.337278106508876,11.85672514619883,11.236842105263158,14.646198830409357,17.973529411764705,9.830860534124628,8.604790419161677,12.074183976261127,14.979228486646884,17.26706231454006,24.336309523809526,9.24251497005988,4.467065868263473,0
c66db0d999e5152f0a63fb8886736ac2bf33ad824dbbe14445f68e72ce6459bc,24.1875,15.666666666666666,2.3125,0.3125,1.6666666666666667,0.8235294117647058,2.5294117647058822,2.176470588235294,13.526315789473685,14.142857142857142,4.636363636363637,7.7272727272727275,0.5,3.625,9.210526315789474,8.789473684210526,3.9375,1.6666666666666667,8.75,9.5,14.88888888888889,3.0,19.1,22.0,1
c7f9973f5e69c27ce80b724d12438931e403e9b375b93e132f0da0f8079521d8,3.036789297658863,1.6704225352112676,1.7907692307692307,1.4285714285714286,1.4560260586319218,1.184873949579832,1.3509316770186335,1.5968992248062015,1.9966555183946488,1.3370786516853932,1.9970238095238095,2.063197026022305,2.8688524590163933,1.8839779005524862,2.1419753086419755,2.620817843866171,2.1346153846153846,2.2920110192837466,1.7546583850931676,2.49618320610687,2.3926174496644297,1.997142857142857,1.3628048780487805,2.4135338345864663,1
cca75d2ac911b606ffdf1aa5b73464fa66b7060e0afd650a7d91b44471d27326,2.220125786163522,0.4195583596214511,0.2946708463949843,0.14733542319749215,0.10625,0.584375,25.949685534591193,12.949367088607595,2.34375,6.325,7.459375,6.7125,3.987460815047022,3.376175548589342,3.3271028037383177,5.978193146417445,6.264797507788162,5.222222222222222,7.705696202531645,12.187301587301587,15.40880503144654,10.874213836477987,8.08805031446541,2.9367088607594938,1
cd6807bbce904af7e964dc78be59d0aadf4f65767dd0b1bf5c85c0d79e2be7c4,15.14826498422713,11.873817034700316,7.768025078369906,4.858934169278997,2.60625,1.8338557993730407,2.7917981072555205,6.076190476190476,20.48427672955975,22.364779874213838,29.106583072100314,26.17295597484277,29.460567823343847,26.621451104100945,19.140625,18.7875,32.559375,25.457142857142856,17.704761904761906,15.836538461538462,19.41955835962145,26.21135646687697,22.817034700315457,22.901898734177216,2
cd849e0488920e7fff984cb97e6a7b58a61ab43e270bbd8e8236a7f7e0f9e846,4.006042296072508,0.937125748502994,0.17417417417417416,0.21987951807228914,0.4072948328267477,1.1671641791044776,9.58433734939759,22.625,7.324404761904762,16.514880952380953,23.266467065868262,14.378048780487806,12.176646706586826,11.097633136094675,9.304733727810651,7.869436201780416,7.8217522658610275,7.25,7.548192771084337,8.206586826347305,11.97305389221557,14.528528528528529,12.261398176291793,8.848484848484848,1
cda60e1b6ab32f587363d7d8198dc9f9c0c0d8da35341c9f96c6f89b80b1e6f0,0.8227848101265823,1.1424050632911393,0.7444794952681388,0.7866242038216561,0.6875,1.278125,1.1818181818181819,1.1567398119122256,1.903125,4.3584905660377355,11.51702786377709,18.126934984520123,12.207430340557275,7.779503105590062,8.185758513931889,8.799373040752352,6.635514018691588,4.769470404984424,4.576323987538941,2.1132075471698113,2.0723270440251573,2.3047619047619046,3.257861635220126,2.3406940063091484,1
cea34fd4f336f1a3bdfb0970d6eeb33e956a762b9f785956cc22e131f21d1447,18.321656050955415,8.183544303797468,3.2756410256410255,3.529780564263323,2.884375,1.96875,1.771875,2.2336448598130842,10.44620253164557,16.13125,19.309375,23.203125,22.828125,14.103125,12.078864353312303,13.744548286604362,28.075,14.609375,6.769716088328075,8.117088607594937,7.920127795527157,10.775316455696203,15.25632911392405,20.170886075949365,0
d007d9daebd54477f31f8c7ddc6f199c0fb2441d8ff2b3b6bbbb43922c32f434,17.0,0.0,0.0,1.6666666666666667,0.0,2.75,6.166666666666667,6.5,18.0,0.0,8.0,14.0,23.5,39.0,0.0,44.0,0.0,5.0,33.666666666666664,43.333333333333336,0.0,10.0,17.5,10.5,0
d1362c5a7e5e919bd68454b7f361dc101c6aec9a6dbd6676647f565ad8e10715,2.031545741324921,3.3406940063091484,0.6981132075471698,1.1746031746031746,4.3625,8.93125,10.366771159874608,10.80564263322884,20.094043887147336,21.07570977917981,18.713395638629283,19.68847352024922,16.267080745341616,10.906832298136646,10.950310559006212,14.67398119122257,12.4625,10.8375,12.489028213166144,14.379746835443038,11.028481012658228,8.662420382165605,6.206896551724138,1.578616352201258,0
d425a6de80365714051e320999673f891479e9929483e34a7aea3ee20c46651e,9.072507552870091,5.63063063063063,1.7259036144578312,0.9849397590361446,0.6566265060240963,2.3802395209580838,27.308157099697887,35.53731343283582,20.392215568862277,12.623880597014926,13.994011976047904,14.16566265060241,11.620895522388059,7.659763313609467,8.964601769911505,8.893491124260356,7.655688622754491,10.18018018018018,15.427710843373495,18.04491017964072,26.050898203592816,24.2972972972973,20.867069486404834,12.441441441441441,0
d470db3114390ab670f99b479ea31962cb4ea7ab82362c32cc001349b999fe88,8.328313253012048,5.192771084337349,2.7099697885196377,1.393939393939394,1.6200607902735562,1.6104294478527608,2.2326283987915407,6.598187311178248,18.574018126888216,13.516616314199396,18.078549848942597,15.229607250755286,11.107462686567164,9.555223880597016,10.970149253731343,19.90990990990991,16.8419452887538,19.021472392638035,19.87915407854985,17.734138972809667,16.416918429003022,16.167173252279635,17.565349544072948,13.504559270516717,0
d52267e3f7fc78fc1d68ce677bd62489a2830876ab521ea3d72e0a33b3c7ce5a,9.084084084084084,5.3102409638554215,2.781437125748503,1.2740963855421688,0.4391691394658754,0.2314540059347181,0.27299703264094954,0.6973293768545994,5.662721893491124,15.398809523809524,7.864705882352941,7.020588235294118,11.508823529411766,9.958702064896755,9.621700879765395,5.8273809523809526,4.017751479289941,3.5680473372781063,3.7366863905325443,4.358208955223881,5.471471471471472,8.515151515151516,22.84431137724551,16.730538922155688,1
d60091b51ac2829334f278642aa255f6990edda9574a2369f3a70ca7f3a5d36c,3.674626865671642,1.6137724550898203,0.7232142857142857,0.5386904761904762,0.2789317507418398,0.42729970326409494,3.85459940652819,32.48955223880597,33.58702064896755,13.420118343195266,13.035502958579881,11.754437869822485,12.446745562130177,11.249258160237389,9.24188790560472,11.504424778761061,13.041297935103245,10.367164179104478,7.798798798798799,6.683734939759036,4.564179104477612,7.704477611940298,7.217910447761194,5.105105105105105,1
d64d54b8ed9cc56f3c08710d4c8c0febd374fb9da33356d19f4636c467f1af35,0.33136094674556216,0.1951219512195122,0.5377777777777778,0.3377777777777778,0.3248730964467005,0.2469879518072289,0.23039215686274508,0.9215686274509803,6.169590643274854,13.834437086092715,8.53960396039604,2.108910891089109,1.3333333333333333,5.580882352941177,8.780104712041885,9.93717277486911,10.341317365269461,18.012738853503183,17.888349514563107,16.864077669902912,9.511904761904763,5.041958041958042,4.305699481865285,0.927461139896373,1
d6820111d10fcde14bf3fb393cc188d5c684b073797453e2c0efa1636cfd40b3,12.520833333333334,10.450746268656717,7.5044510385756675,10.356083086053413,9.505917159763314,10.103857566765578,12.367952522255193,35.25970149253731,39.48082595870206,45.05604719764012,31.790560471976402,25.727810650887573,23.938235294117646,17.949704142011836,15.05,19.711764705882352,22.21764705882353,24.113432835820895,21.684684684684683,21.762048192771083,20.98802395209581,19.24550898203593,22.550898203592816,17.045045045045047,2
d6b39f612084818319252d67e1865fc73a9e0ce5a0489d2b199e76e700ab7efa,7.894894894894895,3.2018072289156625,5.773134328358209,1.9156626506024097,0.9881656804733728,6.34319526627219,32.89940828402367,12.76923076923077,11.864306784660767,16.652818991097924,9.777126099706745,6.140762463343108,7.480938416422287,8.73235294117647,14.27565982404692,22.080357142857142,19.3026706231454,19.76854599406528,20.637982195845698,21.16216216216216,36.84036144578313,36.659574468085104,32.70059880239521,22.952095808383234,0
de5b4ca068266dcece1dc5aa133217828fe1dc2625a2dc794400f316e8a44d87,12.31132075471698,4.613207547169812,0.46226415094339623,0.0914826498422713,0.05660377358490566,0.12025316455696203,0.06583072100313479,38.608150470219435,18.65203761755486,9.736677115987462,14.275862068965518,13.696875,16.591331269349844,11.962848297213622,23.962848297213622,14.807453416149068,6.492163009404389,9.352201257861635,13.10344827586207,14.865203761755486,32.878125,65.56112852664577,50.427215189873415,19.854889589905362,0
dedb5d767d839bce8f5737e0a64c5e0106fa5d003acace41c73b90ddff970f55,17.81437125748503,11.0990990990991,8.330357142857142,7.099099099099099,6.704142011834319,8.363905325443787,8.198224852071005,16.973372781065088,28.421828908554573,42.712166172106826,33.33724340175953,31.75366568914956,28.80351906158358,27.50294117647059,29.826979472140764,33.580357142857146,27.047337278106507,28.559171597633135,32.985207100591715,33.27245508982036,35.108108108108105,40.78851963746224,41.18208955223881,28.08955223880597,2
dff131e79f41508a3438939de9cb79e9fc60d4f2ef32a60b82871c9575571a17,13.973607038123166,6.6716417910447765,1.2385057471264367,1.4482758620689655,1.2753623188405796,2.967741935483871,1.481375358166189,2.945558739255014,5.54727793696275,18.196428571428573,20.541547277936964,15.627507163323783,12.963963963963964,10.4984520123839,16.128358208955223,19.577380952380953,22.272727272727273,13.270186335403727,11.693452380952381,12.97626112759644,18.283536585365855,28.984520123839008,16.058309037900873,14.837209302325581,0
e1e2f4a112c580d78ca335273e92a011b808915fe088bfd054674b1605af6c37,2.4208955223880597,0.9134328358208955,0.1347305389221557,0.09009009009009009,0.03313253012048193,0.15915915915915915,11.379821958456974,28.664688427299705,18.041543026706233,21.87833827893175,17.2396449704142,18.02654867256637,11.944444444444445,9.538011695906432,10.973684210526315,16.347058823529412,16.020833333333332,11.775449101796408,17.43620178041543,21.30860534124629,28.201780415430267,31.38095238095238,27.146706586826348,11.317365269461078,0
e2c3969b53d8eaca8e3930d13af9f7f54dc5133173834919ed8bc83170ca6e9f,5.361635220125786,6.289308176100629,5.16403785488959,3.6202531645569622,1.6518987341772151,0.8253968253968254,0.8307210031347962,1.0689655172413792,2.8087774294670846,6.144200626959248,9.119122257053291,10.846394984326018,10.512422360248447,10.987577639751553,14.565217391304348,13.333333333333334,18.823343848580443,10.542586750788644,6.05,8.328125,7.653125,8.307210031347962,10.0125786163522,8.842271293375394,1
e31e42eea22b408731ef3d8e706e17b9adbea77e89702e3bbb7433c9a6c09454,1.6491228070175439,0.82,0.6056338028169014,0.39943342776203966,0.5895953757225434,0.5609065155807366,0.5865921787709497,1.0807799442896935,3.119533527696793,7.248603351955308,5.595567867036011,6.3352272727272725,6.085043988269795,4.850574712643678,3.7429378531073447,2.9173789173789175,2.005952380952381,2.2202898550724637,2.1666666666666665,4.0852272727272725,6.383928571428571,8.206997084548105,5.491525423728813,2.7742857142857145,1
e4265039ac617374e94481261fd8085839bf32f4931df0885bb321f7850eca66,2.5528700906344413,0.5329341317365269,0.18618618618618618,0.21987951807228914,0.36666666666666664,2.817365269461078,7.2507552870090635,9.84179104477612,13.734328358208955,14.086309523809524,9.868656716417911,9.75075075075075,6.865671641791045,5.274336283185841,6.061946902654867,6.403560830860534,5.9154078549848945,7.033232628398792,9.36858006042296,15.084084084084084,16.91891891891892,15.80722891566265,7.5830815709969785,4.315151515151515,1
e99ef14ad12107dbb8b2783df2b5c73c85ca63e3c871be23984cb8647e96c058,0.40718562874251496,0.5375375375375375,0.5922619047619048,0.4880952380952381,0.4896142433234421,0.8100890207715133,1.1602373887240356,5.745508982035928,19.35014836795252,23.75595238095238,25.181008902077153,18.183431952662723,12.229166666666666,11.294642857142858,13.428994082840237,13.449704142011834,10.792899408284024,9.739520958083832,15.532934131736527,26.091185410334347,12.589820359281438,3.2035928143712575,1.1017964071856288,0.5585585585585585,0
ed71f8a8f73fea08e197515ca85274be045f2b09bee8eea5d34cbdced971731e,1.834834834834835,0.6506024096385542,0.8029850746268656,0.7831325301204819,0.6420118343195266,0.6242603550295858,1.4289940828402368,30.317507418397625,9.807692307692308,7.7804154302670625,15.31858407079646,13.412979351032448,8.935483870967742,7.155882352941177,6.043988269794721,7.919642857142857,9.166172106824925,7.774480712166172,9.658753709198812,13.387387387387387,25.180722891566266,17.64741641337386,9.18562874251497,6.8562874251497,1
f04e51df98ab1e7d31586de9402cd64205191848b6ec8eeef4c6c1e2f88b56ee,2.803174603174603,1.3587301587301588,0.3471337579617834,0.2012779552715655,0.08544303797468354,0.24203821656050956,3.14375,14.95,20.00626959247649,13.470219435736677,10.545454545454545,13.968553459119496,11.440993788819876,11.083850931677018,16.549689440993788,9.934579439252337,11.314465408805031,11.012658227848101,9.617554858934168,18.61755485893417,36.72012578616352,24.43533123028391,13.73248407643312,7.983974358974359,0
f0d8a86f2d4e1301ab1d8765ab22661ca4a9dcc0009f7aebe89875aac8ea85bf,5.0285714285714285,2.1622641509433964,1.1854545454545455,0.7290969899665551,2.7123745819397995,1.9297658862876255,7.628070175438596,16.313868613138688,23.685121107266436,18.16171617161716,19.19934640522876,17.72222222222222,14.95847750865052,14.393382352941176,9.506944444444445,10.511627906976743,10.726072607260726,9.534653465346535,10.367697594501719,15.407407407407407,27.934065934065934,31.667832167832167,17.341379310344827,9.0,0
f13c56dee52ad52121dd1d3580459ddaff136cebf727cde5df59526bf3dbcdae,7.892537313432836,2.4714714714714714,1.2507462686567163,0.5223880597014925,0.4642857142857143,0.5565476190476191,0.3244047619047619,1.2574850299401197,6.713864306784661,7.846607669616519,16.634218289085545,23.321533923303836,34.967455621301774,22.753709198813056,17.15929203539823,16.95575221238938,16.17699115044248,10.52694610778443,13.547904191616766,28.915151515151514,21.28358208955224,15.57910447761194,14.564179104477612,14.065868263473053,0
f16eb932f9d5d2bd4bfe3b9e2e2281927aafe1ecd4d87d11c50b6ac7af928afe,0.0,0.0,0.014705882352941176,0.0,0.0,0.014084507042253521,0.0,0.0,0.0,0.013888888888888888,0.0,0.041666666666666664,0.05555555555555555,0.013888888888888888,0.014084507042253521,0.014084507042253521,0.0,0.0,0.013888888888888888,0.014084507042253521,0.028985507246376812,0.028985507246376812,0.014492753623188406,0.014492753623188406,1
f1c735e75e2026e758425a3e8a2f7348d8436565fbe2fd30c35f5988834ed06a,3.017910447761194,0.9253731343283582,0.5905044510385756,0.1572700296735905,0.15384615384615385,0.12721893491124261,2.532544378698225,22.916417910447763,11.54733727810651,7.295857988165681,12.36283185840708,11.212389380530974,8.248520710059172,4.724035608308605,4.268436578171092,5.625368731563422,5.522123893805309,5.039039039039039,9.72072072072072,9.006060606060606,11.134730538922156,14.467065868263473,15.652694610778443,7.957957957957958,1
fa96a5d6d1c65a8028ef045717d2c771e4c9be1ecfa6ebf7154cc0c09bacff47,0.9851190476190477,0.5267857142857143,0.14029850746268657,0.09281437125748503,0.13988095238095238,0.2125748502994012,0.18397626112759644,4.347181008902077,5.756676557863502,4.308605341246291,7.58753709198813,7.136094674556213,7.002923976608187,5.488304093567251,6.108187134502924,5.885294117647059,6.191044776119403,8.35135135135135,9.48358208955224,12.429850746268658,16.2,15.131736526946108,7.783783783783784,3.655688622754491,1
ffbc13980e4a024ddb94a655282702bc195858c69186d08da947b87eff7abacc,2.5449101796407185,1.5688622754491017,1.7807807807807807,1.3313253012048192,1.5696969696969696,2.440729483282675,2.7395209580838324,14.11044776119403,12.674626865671641,20.33731343283582,18.35223880597015,14.931952662721894,14.808259587020649,14.63716814159292,18.3,11.0625,11.147590361445783,10.427272727272728,6.57957957957958,6.687687687687688,9.36036036036036,10.605421686746988,7.147590361445783,2.5619335347432024,0
